ID,Name,Address,City,State,Zip,Country
1,Aaron,456 Imaginary Avenue,Seattle,WA,98765,USA
2,Michael,123 Fake Street,New York City,NY,12345,USA
3,Winnie,3185 Willingdon Green,Burnaby,BC,65789,CAN
4,Yan,789 North Road,Los Angeles,CA,55,USA
1,Aaron,456 Imaginary Avenue,Seattle,WA,98765,USA
2,Michael,123 Fake Street,New York City,NY,12345,USA
3,Winnie,3185 Willingdon Green,Burnaby,BC,65789,CAN
5,Thanh,Boundary Road,Burnaby,BC,55,CA
5,Thanh,Boundary Road,Burnaby,BC,55,CA
5,Thanh,Boundary Road,Burnaby,BC,55,CA
5,Thanh,Boundary Road,Burnaby,BC,55,CA
5,Thanh,Boundary Road,Burnaby,BC,55,CA
5,Thanh,Boundary Road,Burnaby,BC,55,CA
11,kenny,fake street,lalala,asasas,asasas,
12,Orton,asas13,dsgsdf,xcvxcv,xvxcv,xcvxcv